--liquibase formatted sql
--changeset ruslan:project_card_filling

INSERT INTO project_management (id, day_end, day_start, is_office, is_time_change, team_start_date,
                                over_time, description, tasks, office_location, comment)
VALUES (-1, '11:00', '20:00', false, true, '17.12.2020', 'Нет', 'Описание проблемы – на данный момент сотрудники колл-центра тратят много времени на регистрацию обращений пользователей в системе, а сотрудники тех. поддержки на решение типовых проблем. Также существует вероятность, что сроки решения обращения могут быть нарушены из-за несвоевременного оповещения сотрудниками тех. поддержки менеджера, который по согласованию с пользователем может продлить сроки работы по обращению.
Цель проекта – снижение времязатрат по регистрации обращений в системе и по решению типовых проблем пользователей за счет внедрения
', 'Необходимо внедрить автоматическую систему для общения с пользователями (Далее Чат-бот).
Чат-бот — виртуальный помощник, программа, имитирующая поведение человека при общении с пользователем. Он отвечает на вопросы ответами из базы знаний и реагирует на конкретные команды, и выдает с ее помощью ответы на конкретные обращения пользователей.
Так же он должен обеспечивать простое (человеческое) общение с пользователем на различные темы (погода, уточнение времени, уточнение информации о компании или решениях), уведомлять сотрудников тех. поддержки о приближении дедлайнов по обращениям и помогать в поиске типовых обращений пользователей в системе для их быстрого решения.
Все диалоги (логика) в чат-боте должна выстраиваться с помощью простого инструмента (конструктора). Бот должен обеспечить возможность регистрации обращения. Бот должен обеспечить хранение всей истории переписки с пользователем.
', '', ''),
       (-2, '', '', false , false, '', 'Иногда', 'Апробация и ввод в эксплуатацию экспертно-аналитической системы прогнозирования потребностей в профессиональном кадровом обеспечении социально-экономического развития Российской Федерации в целях проведения экспертизы формирования контрольных цифр приема в учреждения профессионального образования Российской Федерации.
Необходимым условием успешной реализации запланированных мероприятий в сфере профессионального образования является адекватное изменение (совершенствование) системы управления данной сферой, затрагивающее различные аспекты деятельности в сфере профессионального образования, в том числе прогнозирование потребности в подготовке кадров в системе профессионального образования и формирование государственного задания на подготовку кадров (контрольных цифр приема).
Государственный заказ должен стать действенным механизмом, способствующим обеспечению работодателей рабочей силой в необходимом количестве и требуемой квалификации, что является одной из приоритетных задач. Ключевые моменты в решении задачи: совершенствование системы мониторинга и прогнозирования ситуации на рынке труда и обеспечение сбалансированности спроса и предложения на специалистов с профессиональным образованием.
', 'Создать единую экспертно-аналитической систему прогнозирования оптимального выпуска учреждений профессионального образования и формирования контрольных цифр приема (далее – система прогнозирования) для:
o	экспертизы и анализа потребности экономики Российской Федерации и субъектов Российской Федерации в специалистах с профессиональным образованием;
o	экспертизы соответствия существующей структуры подготовки по программам профессионального образования прогнозу потребности экономики Российской Федерации и субъектов Российской Федерации в специалистах с профессиональным образованием;
o	прогнозирования оптимального выпуска учреждений профессионального образования и формирования контрольных цифр приема при различных сценариях социально-экономического развития Российской Федерации и субъектов Российской Федерации.
', '', ''),
       (-3, 'string', 'string', true, true, 'string', 'string', 'string', 'string', 'string', 'string'),
       (-4, 'string', 'string', true, true, 'string', 'string', 'string', 'string', 'string', 'string'),
       (-5, 'string', 'string', true, true, 'string', 'string', 'string', 'string', 'string', 'string');

INSERT INTO project_team (id, is_product_develop, methodology, analytics, developers, testers, tech_writers,
                          stake_holders_count, developer_requirements, analytics_requirements, dev_ops,
                          designers, is_team_formed)
VALUES (-1, true, 'Agile', '1', '1', '0', '0', '30', '1.React, Vue. js, NodeJS, REST API.
2.	Другие языки программирования;
3.	Умение работать с unit, интеграционными и e2e тестами;
4.	Знание как работать в большой команде;
5.	Английский язык.
', '1.Собирать и формулировать бизнес-требования.
2.	Выявлять функциональные и нефункциональные требования из бизнес-требований.
3.	Подготавливать техническую документацию (ГОСТы и стандарты, UML-диаграммы, семейство IDEF, BPMN и другие подходы).
4.	SQL, СУБД, REST/SOAP, основы ООП и любого языка программирования.
', '0,5', '0,2',
        true),
       (-2, true, 'Agile', '1', '2', '1', '1', '', '1.	Сопровождение разработки.
2.	Собирать и формулировать бизнес-требования.
3.	Выявлять функциональные и нефункциональные требования из бизнес-требований.
4.	Подготавливать техническую документацию (ГОСТы и стандарты, UML-диаграммы, семейство IDEF, BPMN и другие подходы).
5.	SQL, СУБД, REST/SOAP, основы ООП и любого языка программирования.
', '1.	Сопровождение разработки.
2.	Собирать и формулировать бизнес-требования.
3.	Выявлять функциональные и нефункциональные требования из бизнес-требований.
4.	Подготавливать техническую документацию (ГОСТы и стандарты, UML-диаграммы, семейство IDEF, BPMN и другие подходы).
5.	SQL, СУБД, REST/SOAP, основы ООП и любого языка программирования.
', '1', '1',
        false),
       (-3, true, 'string', 'string', 'string', 'string', 'string', 'string', 'string', 'string', 'string', 'string',
        true),
       (-4, true, 'string', 'string', 'string', 'string', 'string', 'string', 'string', 'string', 'string', 'string',
        true),
       (-5, true, 'string', 'string', 'string', 'string', 'string', 'string', 'string', 'string', 'string', 'string',
        true);

INSERT INTO recruiting_card (id, full_name, contacts)
VALUES (-1, 'Рекрутер', 'Контакт рекрутера'),
       (-2, 'Рекрутер2', 'Контакт рекрутера'),
       (-3, 'Рекрутер3', 'Контакт рекрутера'),
       (-4, 'Рекрутер', 'Контакт рекрутера');
       (-5, 'Рекрутер2', 'Контакт рекрутера');

INSERT INTO employee (id, full_name, contacts, recruiting_card_id)
VALUES (-1, 'Сотрудник1', 'Контакт сотрудника', -1),
       (-2, 'Сотрудник2', 'Контакт сотрудника', -1),
       (-3, 'Сотрудник3', 'Контакт сотрудника', -1),
       (-4, 'Сотрудник1', 'Контакт сотрудника', -2),
       (-6, 'Сотрудник2', 'Контакт сотрудника', -2),
       (-8, 'Сотрудник3', 'Контакт сотрудника', -2),
       (-5, 'Сотрудник1', 'Контакт сотрудника', -3),
       (-7, 'Сотрудник2', 'Контакт сотрудника', -3),
       (-8, 'Сотрудник1', 'Контакт сотрудника', -4),
       (-9, 'Сотрудник2', 'Контакт сотрудника', -4),
       (-10, 'Сотрудник3', 'Контакт сотрудника', -4),
       (-11, 'Сотрудник1', 'Контакт сотрудника', -5),
       (-12, 'Сотрудник2', 'Контакт сотрудника', -5),
       (-13, 'Сотрудник1', 'Контакт сотрудника', -6),
       (-14, 'Сотрудник2', 'Контакт сотрудника', -6);

INSERT INTO project_type (id, text, project_card_id) VALUES
(-1, 'Фикс', -1),
(-1, 'ПО', -1),
(-1, 'Модернизация системы', -1),
(-1, 'Полный функционал', -1),
(-1, 'Фикс', -2),
(-1, 'ПО', -2),
(-1, 'Разработка с нуля', -2),
(-1, 'Полный функционал', -2),
(-1, 'Фикс', -3),
(-1, 'Фикс', -3),
(-1, 'Фикс', -3),
(-1, 'Фикс', -3),
(-1, 'Фикс', -4),
(-1, 'Фикс', -4),
(-1, 'Фикс', -4),
(-1, 'Фикс', -4),
(-1, 'Фикс', -5),
(-1, 'Фикс', -5),
(-1, 'Фикс', -5),
(-1, 'Фикс', -5);

INSERT INTO project_card (id, project_name, creator_name, firm, finishing_date, project_stage, is_document_required,
                          card_create_date, functional_direction, project_area, status, project_management_id,
                          project_team_id, recruiting_card_id)
VALUES (-1, 'Чат-бот', 'Петров А.И.', 'МФЦ ', '15.02.2021', 'Середина', true, '2021-11-21T18:34:15.857Z', 'Внедрение автоматической системы для общения с пользователями', 'Государственное и муниципальное управление',
        'В архиве', - 1, -1, -1),
       (-2, '', 'Игорев П.С.', 'Минобрнауки России', '', 'Инициация', true, '2021-10-11T18:34:15.857Z', 'Внедрение экспертно-аналитической системы прогнозирования', 'Государственное и муниципальное управление',
        'Черновик', - 2, -2, -2),
       (-3, 'string', 'string', 'string', 'string', 'string', true, '2021-12-01T18:34:15.857Z', 'string', 'string',
        'string', - 3, -3, -3),
       (-4, 'string', 'string', 'string', 'string', 'string', true, '2021-12-01T18:34:15.857Z', 'string', 'string',
        'string', - 4, -4, -4),
       (-5, 'string', 'string', 'string', 'string', 'string', true, '2021-12-01T18:34:15.857Z', 'string', 'string',
        'string', - 5, -5, -5);
